{"cameraMode":{"drawMode":0,"name":"Shaded","section":"Shading Mode"},"sceneLighting":true,"audioPlay":false,"sceneViewState":{"m_AlwaysRefresh":false,"showFog":true,"showSkybox":true,"showFlares":true,"showImageEffects":true,"showParticleSystems":true,"showVisualEffectGraphs":true,"m_FxEnabled":true},"in2DMode":false,"pivot":{"x":7.0161309242248539,"y":-8.269281387329102,"z":-17.050472259521486},"rotation":{"x":-0.22131121158599854,"y":-0.2042185664176941,"z":0.047444913536310199,"w":-0.9524373412132263},"size":6.8506574630737309,"orthographic":false}