{"cameraMode":{"drawMode":0,"name":"Shaded","section":"Shading Mode"},"sceneLighting":false,"audioPlay":false,"sceneViewState":{"m_AlwaysRefresh":false,"showFog":false,"showSkybox":false,"showFlares":false,"showImageEffects":false,"showParticleSystems":false,"showVisualEffectGraphs":true,"m_FxEnabled":true},"in2DMode":false,"pivot":{"x":-0.00003546476364135742,"y":0.8890718221664429,"z":-0.002681538462638855},"rotation":{"x":-0.03171801567077637,"y":-0.9575710296630859,"z":0.11575734615325928,"w":-0.26219332218170168},"size":1.3242905139923096,"orthographic":false}