{"cameraMode":{"drawMode":0,"name":"Shaded","section":"Shading Mode"},"sceneLighting":false,"audioPlay":false,"sceneViewState":{"m_AlwaysRefresh":false,"showFog":true,"showSkybox":false,"showFlares":true,"showImageEffects":true,"showParticleSystems":true,"showVisualEffectGraphs":true,"m_FxEnabled":true},"in2DMode":false,"pivot":{"x":0.018527984619140626,"y":1.2558233737945557,"z":0.15294933319091798},"rotation":{"x":-0.13751190900802613,"y":-0.16155359148979188,"z":0.022643547505140306,"w":-0.977047324180603},"size":0.6681802272796631,"orthographic":false}